{"version":"0.2","window-center":440,"window-width":907,"position":{"i":0,"j":0,"k":0},"scale":1,"scaleCenter":{"x":0,"y":0},"translation":{"x":0,"y":0},"drawings":[[{"0":"{\"attrs\":{\"name\":\"roi-group\",\"id\":\"qqx8wmoymt9wy\",\"visible\":true},\"className\":\"Group\",\"children\":[{\"attrs\":{\"points\":[45,127,56,127,57,128,59,128,59,129,61,131,61,142,57,146,48,146,44,142,44,140,43,139,43,130,44,129,44,128,45,127],\"stroke\":\"#80ffff\",\"strokeWidth\":0.9903288201160542,\"name\":\"shape\",\"closed\":true,\"draggable\":true},\"className\":\"Line\"},{\"attrs\":{\"x\":45,\"y\":137,\"name\":\"label\"},\"className\":\"Label\",\"children\":[{\"attrs\":{\"fontSize\":5.941972920696325,\"fontFamily\":\"Verdana\",\"fill\":\"#80ffff\",\"name\":\"text\",\"width\":\"auto\",\"height\":\"auto\",\"text\":\"Oeil\"},\"className\":\"Text\"},{\"attrs\":{\"width\":13,\"height\":5.941972920696325},\"className\":\"Tag\"}]}]}","length":1}],[{"length":0}],[{"0":"{\"attrs\":{\"name\":\"roi-group\",\"id\":\"w92kt28qrj2cn\",\"visible\":true},\"className\":\"Group\",\"children\":[{\"attrs\":{\"points\":[131,45,135,45,136,46,139,46,140,47,145,47,146,46,153,46,153,48,154,49,156,49,158,47,162,47,163,48,165,48,165,49,166,50,167,50,167,51,166,52,166,53,165,54,165,56,164,57,164,61,163,62,164,63,163,62,162,63,162,65,161,66,162,67,163,67,168,62,168,60,168,61,169,62,170,62,171,61,173,61,175,59,181,59,181,66,180,66,180,64,179,63,178,63,174,67,174,68,175,69,177,69,178,70,178,71,179,72,181,72,182,71,182,70,183,70,184,69,184,68,185,68,186,67,186,66,192,66,193,67,193,73,194,74,196,74,196,79,197,80,203,80,203,82,204,83,204,84,203,85,204,86,206,86,207,87,207,90,208,91,208,92,209,93,208,94,210,96,210,97,211,98,211,105,212,106,212,107,211,108,212,109,212,118,211,119,208,119,207,120,207,123,206,124,206,126,201,126,200,127,201,128,201,129,200,129,198,131,198,132,197,133,196,133,195,134,191,134,190,133,189,133,188,132,186,132,183,129,182,129,182,128,181,127,179,127,178,126,178,124,177,123,176,124,176,125,173,122,172,122,169,119,168,119,166,117,161,117,160,118,160,120,157,123,157,124,156,124,155,125,154,124,152,124,150,126,150,125,149,124,148,124,147,125,147,126,146,125,146,124,144,122,144,117,149,117,150,116,149,115,149,114,151,114,152,113,153,113,154,112,155,112,156,111,157,111,158,110,159,110,160,109,160,108,160,109,161,110,163,108,163,105,164,104,164,103,165,102,165,101,168,101,169,100,169,99,168,98,168,95,167,94,166,94,166,93,163,90,162,90,161,89,159,89,157,87,156,87,154,85,150,85,149,84,149,79,148,78,147,79,147,82,146,82,146,80,145,79,143,81,136,81,135,80,134,80,133,81,132,81,131,80,129,80,128,79,122,79,121,78,119,78,118,79,109,79,107,81,107,83,107,82,106,81,105,82,105,83,104,84,104,85,101,85,100,84,99,84,100,83,99,82,99,81,100,81,101,80,101,79,102,79,103,78,103,77,104,77,105,76,106,76,107,75,108,75,109,74,109,73,110,72,110,71,111,71,112,70,112,69,113,68,113,65,114,66,115,65,115,63,116,62,116,60,118,58,118,57,117,56,117,54,116,53,116,50,117,49,120,49,121,50,124,50,125,49,125,48,126,48,128,46,130,46,131,45],\"stroke\":\"#ff8040\",\"strokeWidth\":0.9903288201160542,\"name\":\"shape\",\"closed\":true},\"className\":\"Line\"},{\"attrs\":{\"x\":131,\"y\":55,\"name\":\"label\"},\"className\":\"Label\",\"children\":[{\"attrs\":{\"fontSize\":5.941972920696325,\"fontFamily\":\"Verdana\",\"fill\":\"#ff8040\",\"name\":\"text\",\"width\":\"auto\",\"height\":\"auto\",\"text\":\"Brain\"},\"className\":\"Text\"},{\"attrs\":{\"width\":16.895584106445312,\"height\":5.941972920696325},\"className\":\"Tag\"}]}]}","1":"{\"attrs\":{\"name\":\"line-group\",\"visible\":true,\"id\":\"qw3v2vz00ztob\"},\"className\":\"Group\",\"children\":[{\"attrs\":{\"points\":[21,167,57,93],\"stroke\":\"#ff00ff\",\"strokeWidth\":1.2427184466019416,\"name\":\"shape\"},\"className\":\"Line\"},{\"attrs\":{\"x\":23.18732859424653,\"y\":162.503824556271,\"sides\":3,\"radius\":5,\"rotation\":-154.05770451012833,\"fill\":\"#ff00ff\",\"strokeWidth\":1.2427184466019416,\"name\":\"shape-triangle\"},\"className\":\"RegularPolygon\"},{\"attrs\":{\"x\":32,\"y\":78,\"name\":\"label\"},\"className\":\"Label\",\"children\":[{\"attrs\":{\"fontSize\":7.456310679611651,\"fontFamily\":\"Verdana\",\"fill\":\"#ff00ff\",\"name\":\"text\",\"width\":\"auto\",\"height\":\"auto\",\"text\":\"Troudenez\"},\"className\":\"Text\"},{\"attrs\":{\"width\":45.2724609375,\"height\":7.456310679611651},\"className\":\"Tag\"}]}]}","2":"{\"attrs\":{\"name\":\"line-group\",\"visible\":true,\"id\":\"vqgc9qwhoeolu\"},\"className\":\"Group\",\"children\":[{\"attrs\":{\"points\":[77,208,152,233],\"stroke\":\"#ff0000\",\"strokeWidth\":1.2427184466019416,\"name\":\"shape\"},\"className\":\"Line\"},{\"attrs\":{\"x\":81.74341649025257,\"y\":209.5811388300842,\"sides\":3,\"radius\":5,\"rotation\":-71.56505117707798,\"fill\":\"#ff0000\",\"strokeWidth\":1.2427184466019416,\"name\":\"shape-triangle\"},\"className\":\"RegularPolygon\"},{\"attrs\":{\"x\":127,\"y\":240.5,\"name\":\"label\"},\"className\":\"Label\",\"children\":[{\"attrs\":{\"fontSize\":7.456310679611651,\"fontFamily\":\"Verdana\",\"fill\":\"#ff0000\",\"name\":\"text\",\"width\":\"auto\",\"height\":\"auto\",\"text\":\"Langue\"},\"className\":\"Text\"},{\"attrs\":{\"width\":27,\"height\":7.456310679611651},\"className\":\"Tag\"}]}]}","length":3}],[{"0":"{\"attrs\":{\"name\":\"rectangle-group\",\"id\":\"fuyg1be4lh0sg\"},\"className\":\"Group\",\"children\":[{\"attrs\":{\"x\":75,\"y\":82,\"width\":93,\"height\":34,\"stroke\":\"#ff8080\",\"strokeWidth\":0.9903288201160542,\"name\":\"shape\"},\"className\":\"Rect\"},{\"attrs\":{\"x\":75,\"y\":126,\"name\":\"label\"},\"className\":\"Label\",\"children\":[{\"attrs\":{\"fontSize\":5.941972920696325,\"fontFamily\":\"Verdana\",\"fill\":\"#ff8080\",\"name\":\"text\",\"width\":\"auto\",\"height\":\"auto\",\"text\":\"31.62cm2,c'estgrand!!\"},\"className\":\"Text\"},{\"attrs\":{\"width\":75.89558410644531,\"height\":5.941972920696325},\"className\":\"Tag\"}]}]}","length":1}],[{"0":"{\"attrs\":{\"name\":\"ruler-group\",\"visible\":true,\"id\":\"pz6wup88bvj2b\"},\"className\":\"Group\",\"children\":[{\"attrs\":{\"points\":[35,79,226,80],\"stroke\":\"#00ff00\",\"strokeWidth\":1.2427184466019416,\"name\":\"shape\"},\"className\":\"Line\"},{\"attrs\":{\"points\":[34.97382234831107,83.99993147258647,35.02617765168893,74.00006852741353],\"stroke\":\"#00ff00\",\"strokeWidth\":1.2427184466019416,\"name\":\"shape-tick0\"},\"className\":\"Line\"},{\"attrs\":{\"points\":[225.97382234831107,84.99993147258647,226.02617765168893,75.00006852741353],\"stroke\":\"#00ff00\",\"strokeWidth\":1.2427184466019416,\"name\":\"shape-tick1\"},\"className\":\"Line\"},{\"attrs\":{\"x\":201,\"y\":87.5,\"name\":\"label\"},\"className\":\"Label\",\"children\":[{\"attrs\":{\"fontSize\":7.456310679611651,\"fontFamily\":\"Verdana\",\"fill\":\"#00ff00\",\"name\":\"text\",\"width\":\"auto\",\"height\":\"auto\",\"text\":\"191.0mm\"},\"className\":\"Text\"},{\"attrs\":{\"width\":40,\"height\":7.456310679611651},\"className\":\"Tag\"}]}]}",